_id,First Name,Last Name,Age,Email,Phone,Education,Salary
65e9449626dbe712a54c9644,Alberta,West,26,a.west@randatmail.com,461-0130-12,Primary,3664
65e9449626dbe712a54c9645,William,Moore,26,w.moore@randatmail.com,511-2236-98,Upper secondary,1904
65e9449626dbe712a54c9646,Lilianna,Spencer,21,l.spencer@randatmail.com,829-9558-52,Lower secondary,7688
65e9449626dbe712a54c9647,Adrian,Chapman,29,a.chapman@randatmail.com,762-8509-21,Primary,5109
65e9449626dbe712a54c9648,Valeria,Perkins,19,v.perkins@randatmail.com,640-8374-42,Doctoral,1604
65e9449626dbe712a54c9649,Elian,Carter,30,e.carter@randatmail.com,100-9412-57,Upper secondary,7229
65e9449626dbe712a54c964a,Eddy,Barrett,30,e.barrett@randatmail.com,173-0657-09,Bachelor,1575
65e9449626dbe712a54c964b,Michelle,Fowler,24,m.fowler@randatmail.com,563-7591-97,Upper secondary,3282
65e9449626dbe712a54c964c,Antony,Stewart,30,a.stewart@randatmail.com,406-6850-09,Upper secondary,6369
65e9449626dbe712a54c964d,Darcy,Carroll,28,d.carroll@randatmail.com,223-4841-13,Upper secondary,3744
65e9449626dbe712a54c964e,Alberta,Barnes,21,a.barnes@randatmail.com,767-1183-26,Primary,3798
65e9449626dbe712a54c964f,Amelia,Cameron,19,a.cameron@randatmail.com,028-2802-12,Master,2460
65e9449626dbe712a54c9650,George,Wright,22,g.wright@randatmail.com,427-2422-93,Upper secondary,6707
65e9449626dbe712a54c9651,Belinda,Ellis,30,b.ellis@randatmail.com,427-6303-64,Upper secondary,5321
65e9449626dbe712a54c9652,Alan,Tucker,28,a.tucker@randatmail.com,049-4898-07,Master,9590
65e9449626dbe712a54c9653,Amber,Elliott,29,a.elliott@randatmail.com,923-4516-99,Primary,5002
65e9449626dbe712a54c9654,Amanda,Jones,23,a.jones@randatmail.com,589-8284-86,Bachelor,3829
65e9449626dbe712a54c9655,Edith,Fowler,22,e.fowler@randatmail.com,210-7325-64,Master,3728
65e9449626dbe712a54c9656,Alisa,Higgins,25,a.higgins@randatmail.com,650-7114-87,Bachelor,1080
65e9449626dbe712a54c9657,Tiana,Armstrong,26,t.armstrong@randatmail.com,671-3883-99,Upper secondary,557
65e9449626dbe712a54c9658,Harold,Anderson,20,h.anderson@randatmail.com,486-3915-85,Primary,7178
65e9449626dbe712a54c9659,Dainton,Sullivan,20,d.sullivan@randatmail.com,598-0989-35,Bachelor,4072
65e9449626dbe712a54c965a,Adison,Moore,28,a.moore@randatmail.com,582-6720-26,Upper secondary,509
65e9449626dbe712a54c965b,Connie,Fowler,21,c.fowler@randatmail.com,589-2637-97,Primary,4623
65e9449626dbe712a54c965c,Audrey,Hunt,24,a.hunt@randatmail.com,879-4269-02,Bachelor,8164
65e9449626dbe712a54c965d,Ned,Robinson,23,n.robinson@randatmail.com,355-9134-82,Doctoral,2964
65e9449626dbe712a54c965e,Byron,Dixon,19,b.dixon@randatmail.com,267-5822-36,Upper secondary,2890
65e9449626dbe712a54c965f,Melissa,Morgan,27,m.morgan@randatmail.com,207-8109-66,Primary,9461
65e9449626dbe712a54c9660,Miranda,Bennett,29,m.bennett@randatmail.com,734-0723-95,Doctoral,6521
65e9449626dbe712a54c9661,Oscar,Taylor,21,o.taylor@randatmail.com,276-8678-11,Upper secondary,932
65e9449626dbe712a54c9662,Isabella,Owens,18,i.owens@randatmail.com,111-4197-59,Master,6214
65e9449626dbe712a54c9663,Caroline,Andrews,24,c.andrews@randatmail.com,558-7210-69,Master,3260
65e9449626dbe712a54c9664,Aiden,Dixon,19,a.dixon@randatmail.com,321-5272-43,Master,6036
65e9449626dbe712a54c9665,Kelvin,Foster,25,k.foster@randatmail.com,770-0739-55,Master,1061
65e9449626dbe712a54c9666,Violet,Wright,26,v.wright@randatmail.com,500-7824-73,Lower secondary,2324
65e9449626dbe712a54c9667,Arianna,Cooper,28,a.cooper@randatmail.com,267-3693-61,Master,8310
65e9449626dbe712a54c9668,Hailey,Payne,26,h.payne@randatmail.com,095-0500-75,Bachelor,2600
65e9449626dbe712a54c9669,Justin,Sullivan,28,j.sullivan@randatmail.com,247-1562-02,Master,4449
65e9449626dbe712a54c966a,Leonardo,Thomas,29,l.thomas@randatmail.com,400-2441-32,Doctoral,6215
65e9449626dbe712a54c966b,Justin,Spencer,21,j.spencer@randatmail.com,620-0433-01,Primary,3418
65e9449626dbe712a54c966c,Vanessa,Barrett,28,v.barrett@randatmail.com,151-1615-18,Lower secondary,7202
65e9449626dbe712a54c966d,David,Howard,22,d.howard@randatmail.com,573-9074-34,Upper secondary,6049
65e9449626dbe712a54c966e,Deanna,Crawford,22,d.crawford@randatmail.com,606-9578-44,Bachelor,2651
65e9449626dbe712a54c966f,Elise,Spencer,19,e.spencer@randatmail.com,812-3410-83,Bachelor,7489
65e9449626dbe712a54c9670,Sophia,Harrison,21,s.harrison@randatmail.com,202-1937-46,Primary,3107
65e9449626dbe712a54c9671,Clark,Scott,23,c.scott@randatmail.com,387-8524-67,Lower secondary,3927
65e9449626dbe712a54c9672,Alina,Walker,30,a.walker@randatmail.com,635-8788-38,Master,9148
65e9449626dbe712a54c9673,Alfred,Wright,26,a.wright@randatmail.com,003-6162-27,Bachelor,4337
65e9449626dbe712a54c9674,Julian,Ellis,22,j.ellis@randatmail.com,983-4611-05,Bachelor,5293
65e9449626dbe712a54c9675,Alexander,Brooks,20,a.brooks@randatmail.com,799-2046-07,Upper secondary,6093
65e9449626dbe712a54c9676,Oliver,Carroll,26,o.carroll@randatmail.com,988-6680-64,Upper secondary,6048
65e9449626dbe712a54c9677,Miller,Walker,19,m.walker@randatmail.com,802-7218-70,Upper secondary,7503
65e9449626dbe712a54c9678,Paul,Wells,29,p.wells@randatmail.com,568-9388-43,Upper secondary,4650
65e9449626dbe712a54c9679,Marcus,Brown,30,m.brown@randatmail.com,893-9587-87,Bachelor,2062
65e9449626dbe712a54c967a,Madaline,Richardson,27,m.richardson@randatmail.com,194-9324-50,Lower secondary,7962
65e9449626dbe712a54c967b,Alan,Clark,21,a.clark@randatmail.com,665-6207-66,Primary,3619
65e9449626dbe712a54c967c,Sienna,Scott,28,s.scott@randatmail.com,488-8324-55,Bachelor,1846
65e9449626dbe712a54c967d,Gianna,Robinson,27,g.robinson@randatmail.com,087-0630-68,Doctoral,2246
65e9449626dbe712a54c967e,Sam,Farrell,27,s.farrell@randatmail.com,835-6833-21,Master,3576
65e9449626dbe712a54c967f,Reid,Alexander,30,r.alexander@randatmail.com,415-1550-81,Lower secondary,5954
65e9449626dbe712a54c9680,Sam,Gibson,19,s.gibson@randatmail.com,677-4524-97,Upper secondary,7729
65e9449626dbe712a54c9681,April,Harris,28,a.harris@randatmail.com,140-8036-44,Master,7845
65e9449626dbe712a54c9682,Derek,Douglas,22,d.douglas@randatmail.com,723-7254-81,Upper secondary,7048
65e9449626dbe712a54c9683,Anna,Lloyd,20,a.lloyd@randatmail.com,180-2754-92,Upper secondary,4622
65e9449626dbe712a54c9684,Arianna,Turner,18,a.turner@randatmail.com,973-0925-61,Primary,5095
65e9449626dbe712a54c9685,Dainton,Baker,23,d.baker@randatmail.com,591-9483-66,Doctoral,935
65e9449626dbe712a54c9686,Maya,Phillips,18,m.phillips@randatmail.com,289-3347-76,Bachelor,9580
65e9449626dbe712a54c9687,Kate,Nelson,30,k.nelson@randatmail.com,188-0168-22,Master,2620
65e9449626dbe712a54c9688,Maximilian,Andrews,25,m.andrews@randatmail.com,700-1405-47,Lower secondary,4416
65e9449626dbe712a54c9689,Albert,Holmes,20,a.holmes@randatmail.com,814-1355-49,Lower secondary,2192
65e9449626dbe712a54c968a,Steven,Moore,18,s.moore@randatmail.com,478-7015-41,Master,3975
65e9449626dbe712a54c968b,Derek,Hawkins,30,d.hawkins@randatmail.com,379-3240-20,Doctoral,6376
65e9449626dbe712a54c968c,Sarah,Payne,25,s.payne@randatmail.com,618-8859-68,Primary,9604
65e9449626dbe712a54c968d,James,Rogers,18,j.rogers@randatmail.com,399-6982-03,Doctoral,3823
65e9449626dbe712a54c968e,Arthur,Ross,24,a.ross@randatmail.com,866-0739-02,Lower secondary,5007
65e9449626dbe712a54c968f,Sienna,Edwards,30,s.edwards@randatmail.com,451-5096-61,Upper secondary,2529
65e9449626dbe712a54c9690,Tess,Sullivan,27,t.sullivan@randatmail.com,210-4909-60,Lower secondary,8952
65e9449626dbe712a54c9691,Sofia,Myers,21,s.myers@randatmail.com,708-1371-23,Lower secondary,7485
65e9449626dbe712a54c9692,Miller,Wright,24,m.wright@randatmail.com,382-8667-25,Upper secondary,3848
65e9449626dbe712a54c9693,Kate,Hamilton,21,k.hamilton@randatmail.com,061-5864-27,Master,5684
65e9449626dbe712a54c9694,Fiona,Roberts,23,f.roberts@randatmail.com,100-4929-84,Upper secondary,7395
65e9449626dbe712a54c9695,Carina,Adams,25,c.adams@randatmail.com,594-5616-32,Upper secondary,6601
65e9449626dbe712a54c9696,Chester,Murphy,24,c.murphy@randatmail.com,587-6033-69,Master,4413
65e9449626dbe712a54c9697,George,Holmes,28,g.holmes@randatmail.com,784-2791-52,Bachelor,8272
65e9449626dbe712a54c9698,Dexter,Hawkins,26,d.hawkins@randatmail.com,259-2643-63,Doctoral,4068
65e9449626dbe712a54c9699,Daisy,Henderson,18,d.henderson@randatmail.com,322-9143-01,Primary,2019
65e9449626dbe712a54c969a,Edwin,Wright,28,e.wright@randatmail.com,920-4662-24,Bachelor,4803
65e9449626dbe712a54c969b,Miller,Spencer,29,m.spencer@randatmail.com,834-1510-33,Doctoral,4785
65e9449626dbe712a54c969c,Jordan,Hamilton,23,j.hamilton@randatmail.com,022-9248-79,Upper secondary,8175
65e9449626dbe712a54c969d,Sydney,Cameron,26,s.cameron@randatmail.com,431-5307-86,Master,2798
65e9449626dbe712a54c969e,Kimberly,Murphy,19,k.murphy@randatmail.com,969-8658-64,Upper secondary,3423
65e9449626dbe712a54c969f,Kelvin,Stewart,22,k.stewart@randatmail.com,905-7674-62,Primary,7467
65e9449626dbe712a54c96a0,Lyndon,Bailey,25,l.bailey@randatmail.com,267-2880-16,Upper secondary,6082
65e9449626dbe712a54c96a1,Camila,Nelson,26,c.nelson@randatmail.com,907-7383-63,Primary,1966
65e9449626dbe712a54c96a2,Samantha,Ross,29,s.ross@randatmail.com,195-2453-43,Master,4584
65e9449626dbe712a54c96a3,Alina,Murray,22,a.murray@randatmail.com,480-7429-74,Upper secondary,7272
65e9449626dbe712a54c96a4,Lucy,Foster,30,l.foster@randatmail.com,223-3169-19,Upper secondary,3803
65e9449626dbe712a54c96a5,Sienna,Robinson,26,s.robinson@randatmail.com,881-6666-80,Upper secondary,5467
65e9449626dbe712a54c96a6,Brooke,Morgan,20,b.morgan@randatmail.com,291-9508-54,Lower secondary,3670
65e9449626dbe712a54c96a7,Victoria,Gray,27,v.gray@randatmail.com,622-7362-12,Primary,5911
65e9449626dbe712a54c96a8,Jenna,Wells,29,j.wells@randatmail.com,653-6473-74,Upper secondary,1447
65e9449626dbe712a54c96a9,Vanessa,Phillips,30,v.phillips@randatmail.com,073-5268-10,Primary,9985
65e9449626dbe712a54c96aa,Justin,Robinson,24,j.robinson@randatmail.com,152-2902-52,Upper secondary,2518
65e9449626dbe712a54c96ab,William,Grant,18,w.grant@randatmail.com,083-7670-18,Doctoral,5548
65e9449626dbe712a54c96ac,Adrian,Scott,23,a.scott@randatmail.com,268-8509-50,Upper secondary,1846
65e9449626dbe712a54c96ad,Sophia,Myers,24,s.myers@randatmail.com,152-2454-76,Bachelor,9730
65e9449626dbe712a54c96ae,Carlos,Cameron,21,c.cameron@randatmail.com,794-5781-35,Lower secondary,3272
65e9449626dbe712a54c96af,Kelsey,Russell,27,k.russell@randatmail.com,792-2623-82,Master,3001
65e9449626dbe712a54c96b0,Carlos,Richardson,27,c.richardson@randatmail.com,903-8219-75,Master,6831
65e9449626dbe712a54c96b1,Abraham,Barrett,20,a.barrett@randatmail.com,608-0628-49,Upper secondary,7632
65e9449626dbe712a54c96b2,Max,Edwards,22,m.edwards@randatmail.com,515-5468-19,Lower secondary,5045
65e9449626dbe712a54c96b3,Eleanor,Barrett,25,e.barrett@randatmail.com,502-7457-36,Doctoral,3967
65e9449626dbe712a54c96b4,Jenna,Lloyd,27,j.lloyd@randatmail.com,029-3366-51,Master,5797
65e9449626dbe712a54c96b5,Jared,Russell,23,j.russell@randatmail.com,255-6542-63,Bachelor,6091
65e9449626dbe712a54c96b6,Amy,Williams,25,a.williams@randatmail.com,030-6984-36,Bachelor,3134
65e9449626dbe712a54c96b7,Carlos,Thomas,26,c.thomas@randatmail.com,624-0750-78,Doctoral,7387
65e9449626dbe712a54c96b8,Vanessa,Harper,30,v.harper@randatmail.com,898-7206-79,Primary,7511
65e9449626dbe712a54c96b9,Roland,Myers,30,r.myers@randatmail.com,559-9209-03,Doctoral,8160
65e9449626dbe712a54c96ba,Ellia,West,26,e.west@randatmail.com,214-6661-80,Bachelor,7361
65e9449626dbe712a54c96bb,Maddie,Parker,26,m.parker@randatmail.com,906-2200-96,Doctoral,8076
65e9449626dbe712a54c96bc,Tony,Holmes,30,t.holmes@randatmail.com,499-8762-14,Bachelor,7685
65e9449626dbe712a54c96bd,Jacob,Adams,26,j.adams@randatmail.com,031-4986-54,Bachelor,3487
65e9449626dbe712a54c96be,Alberta,Robinson,19,a.robinson@randatmail.com,358-6743-48,Doctoral,7103
65e9449626dbe712a54c96bf,Alexia,Riley,28,a.riley@randatmail.com,728-8173-30,Doctoral,8426
65e9449626dbe712a54c96c0,Brad,Hill,20,b.hill@randatmail.com,645-1821-41,Lower secondary,1293
65e9449626dbe712a54c96c1,David,Hawkins,28,d.hawkins@randatmail.com,284-3182-73,Upper secondary,591
65e9449626dbe712a54c96c2,Joyce,Walker,25,j.walker@randatmail.com,778-0235-85,Primary,3530
65e9449626dbe712a54c96c3,Blake,Williams,20,b.williams@randatmail.com,118-3463-92,Master,1015
65e9449626dbe712a54c96c4,Aida,Barnes,26,a.barnes@randatmail.com,111-1218-71,Primary,2715
65e9449626dbe712a54c96c5,Adelaide,Johnson,21,a.johnson@randatmail.com,760-8056-08,Bachelor,9402
65e9449626dbe712a54c96c6,Eric,Moore,19,e.moore@randatmail.com,214-1014-61,Master,9321
65e9449626dbe712a54c96c7,Garry,Martin,21,g.martin@randatmail.com,589-3486-27,Bachelor,3086
65e9449626dbe712a54c96c8,Edith,Morrison,22,e.morrison@randatmail.com,477-1433-55,Bachelor,3192
65e9449626dbe712a54c96c9,Carlos,Richards,30,c.richards@randatmail.com,190-1685-18,Lower secondary,4943
65e9449626dbe712a54c96ca,Sienna,Ferguson,20,s.ferguson@randatmail.com,477-9428-82,Upper secondary,3908
65e9449626dbe712a54c96cb,Audrey,Wright,18,a.wright@randatmail.com,798-8452-36,Primary,2891
65e9449626dbe712a54c96cc,Aiden,Parker,24,a.parker@randatmail.com,532-0239-34,Primary,8417
65e9449626dbe712a54c96cd,Brooke,Williams,21,b.williams@randatmail.com,491-4636-20,Lower secondary,3977
65e9449626dbe712a54c96ce,Briony,Kelly,21,b.kelly@randatmail.com,258-2906-64,Primary,4477
65e9449626dbe712a54c96cf,Honey,Howard,29,h.howard@randatmail.com,511-5720-44,Doctoral,5187
65e9449626dbe712a54c96d0,Jasmine,Craig,23,j.craig@randatmail.com,523-9354-92,Master,9004
65e9449626dbe712a54c96d1,Alissa,Ferguson,20,a.ferguson@randatmail.com,784-4598-29,Doctoral,4862
65e9449626dbe712a54c96d2,Chloe,Cunningham,21,c.cunningham@randatmail.com,896-0194-11,Upper secondary,7188
65e9449626dbe712a54c96d3,Alissa,Ryan,21,a.ryan@randatmail.com,235-3929-80,Bachelor,5167
65e9449626dbe712a54c96d4,Steven,Kelley,19,s.kelley@randatmail.com,085-0591-27,Lower secondary,3656
65e9449626dbe712a54c96d5,Lydia,Myers,20,l.myers@randatmail.com,239-1845-42,Doctoral,1599
65e9449626dbe712a54c96d6,Rubie,Harris,20,r.harris@randatmail.com,120-7495-00,Upper secondary,6479
65e9449626dbe712a54c96d7,Savana,Wilson,29,s.wilson@randatmail.com,705-8843-15,Doctoral,2158
65e9449626dbe712a54c96d8,Alford,Rogers,20,a.rogers@randatmail.com,930-6834-07,Master,4713
65e9449626dbe712a54c96d9,Patrick,Myers,23,p.myers@randatmail.com,267-3618-96,Master,5613
65e9449626dbe712a54c96da,Alexander,Howard,26,a.howard@randatmail.com,870-6201-00,Bachelor,9075
65e9449626dbe712a54c96db,Ada,Mitchell,29,a.mitchell@randatmail.com,569-8817-47,Bachelor,4563
65e9449626dbe712a54c96dc,Bruce,Perry,20,b.perry@randatmail.com,164-4565-93,Lower secondary,7949
65e9449626dbe712a54c96dd,Carl,Davis,30,c.davis@randatmail.com,503-1200-05,Primary,1800
65e9449626dbe712a54c96de,Michelle,Roberts,24,m.roberts@randatmail.com,523-1125-87,Master,8406
65e9449626dbe712a54c96df,Adam,Parker,19,a.parker@randatmail.com,578-4119-63,Doctoral,7794
65e9449626dbe712a54c96e0,Carlos,Walker,28,c.walker@randatmail.com,356-8991-52,Master,640
65e9449626dbe712a54c96e1,Daniel,Harper,25,d.harper@randatmail.com,299-1811-45,Primary,8861
65e9449626dbe712a54c96e2,Dexter,Mason,30,d.mason@randatmail.com,680-9331-99,Bachelor,2215
65e9449626dbe712a54c96e3,Wilson,Mitchell,26,w.mitchell@randatmail.com,724-7940-84,Doctoral,4197
65e9449626dbe712a54c96e4,Edgar,Tucker,19,e.tucker@randatmail.com,937-5092-10,Lower secondary,2063
65e9449626dbe712a54c96e5,Kelvin,Brooks,28,k.brooks@randatmail.com,641-5271-39,Lower secondary,6074
65e9449626dbe712a54c96e6,James,Farrell,26,j.farrell@randatmail.com,568-2293-04,Doctoral,5469
65e9449626dbe712a54c96e7,Amelia,Miller,28,a.miller@randatmail.com,279-6599-67,Bachelor,1784
65e9449626dbe712a54c96e8,Andrew,Anderson,26,a.anderson@randatmail.com,112-6279-12,Primary,3929
65e9449626dbe712a54c96e9,Dominik,Carroll,23,d.carroll@randatmail.com,980-4906-23,Master,2016
65e9449626dbe712a54c96ea,Alen,Baker,20,a.baker@randatmail.com,241-9525-76,Upper secondary,4593
65e9449626dbe712a54c96eb,Arianna,Crawford,21,a.crawford@randatmail.com,270-4999-43,Bachelor,7340
65e9449626dbe712a54c96ec,Alina,Sullivan,28,a.sullivan@randatmail.com,176-6824-95,Primary,6861
65e9449626dbe712a54c96ed,Ned,Johnson,18,n.johnson@randatmail.com,360-0594-29,Master,7160
65e9449626dbe712a54c96ee,Abraham,Richards,19,a.richards@randatmail.com,664-7284-45,Bachelor,8901
65e9449626dbe712a54c96ef,Amelia,Fowler,22,a.fowler@randatmail.com,487-8738-20,Upper secondary,9466
65e9449626dbe712a54c96f0,Eddy,Craig,26,e.craig@randatmail.com,131-1702-59,Doctoral,5674
65e9449626dbe712a54c96f1,Savana,Carroll,23,s.carroll@randatmail.com,159-0645-74,Primary,9075
65e9449626dbe712a54c96f2,Savana,Miller,26,s.miller@randatmail.com,172-1936-96,Doctoral,5025
65e9449626dbe712a54c96f3,Jack,Richards,25,j.richards@randatmail.com,773-2162-82,Lower secondary,7805
65e9449626dbe712a54c96f4,Ada,Myers,26,a.myers@randatmail.com,227-5213-51,Lower secondary,5728
65e9449626dbe712a54c96f5,Natalie,Bailey,24,n.bailey@randatmail.com,948-6076-18,Master,8105
65e9449626dbe712a54c96f6,Ted,Nelson,25,t.nelson@randatmail.com,619-5982-70,Doctoral,6588
65e9449626dbe712a54c96f7,John,Baker,24,j.baker@randatmail.com,878-6661-71,Primary,5927
65e9449626dbe712a54c96f8,Michelle,Hunt,19,m.hunt@randatmail.com,485-7031-21,Doctoral,9060
65e9449626dbe712a54c96f9,Maximilian,Martin,22,m.martin@randatmail.com,334-0933-05,Upper secondary,9869
65e9449626dbe712a54c96fa,Daisy,Richards,30,d.richards@randatmail.com,436-7798-26,Primary,7731
65e9449626dbe712a54c96fb,Myra,Chapman,18,m.chapman@randatmail.com,398-7443-09,Upper secondary,5054
65e9449626dbe712a54c96fc,Evelyn,Riley,28,e.riley@randatmail.com,484-4216-01,Doctoral,5370
65e9449626dbe712a54c96fd,John,West,19,j.west@randatmail.com,090-3028-33,Upper secondary,1941
65e9449626dbe712a54c96fe,Nicholas,Stevens,28,n.stevens@randatmail.com,821-6357-23,Master,1179
65e9449626dbe712a54c96ff,Victoria,Wilson,22,v.wilson@randatmail.com,296-1136-23,Primary,9410
65e9449626dbe712a54c9700,Melissa,Davis,26,m.davis@randatmail.com,451-3030-24,Lower secondary,4532
65e9449626dbe712a54c9701,Lana,Moore,29,l.moore@randatmail.com,704-6201-48,Upper secondary,3746
65e9449626dbe712a54c9702,Heather,Wilson,26,h.wilson@randatmail.com,543-3520-86,Lower secondary,4811
65e9449626dbe712a54c9703,Cadie,Brown,18,c.brown@randatmail.com,214-6284-43,Bachelor,9608
65e9449626dbe712a54c9704,Briony,Roberts,29,b.roberts@randatmail.com,847-5675-61,Primary,5777
65e9449626dbe712a54c9705,Ned,Payne,28,n.payne@randatmail.com,459-8973-82,Lower secondary,2828
65e9449626dbe712a54c9706,Adelaide,Allen,28,a.allen@randatmail.com,074-0547-89,Bachelor,2200
65e9449626dbe712a54c9707,Madaline,Morrison,21,m.morrison@randatmail.com,548-4403-34,Primary,711
65e9449626dbe712a54c9708,Adrian,Smith,23,a.smith@randatmail.com,346-2329-39,Upper secondary,7096
65e9449626dbe712a54c9709,Clark,Kelly,25,c.kelly@randatmail.com,735-1582-87,Lower secondary,7859
65e9449626dbe712a54c970a,Heather,Ryan,29,h.ryan@randatmail.com,626-6403-14,Lower secondary,4559
65e9449626dbe712a54c970b,Kelvin,Morgan,22,k.morgan@randatmail.com,002-0688-81,Upper secondary,2060
